si,var,BWRX-300,UK SMR,SMR-160,SMART,NuScale,RITM 200M,ACPR 50S,KLT-40S,CAREM,EM2,HTR-PM,PBMR-400,ARC-100,CEFR,4S
S,wacc,0.630219040801748,0.7380942797517336,0.3837100235120275,0.31050459486542376,0.25622952006798105,0.20238950420651852,0.13578427236481502,0.1367270466858028,0.11784835182340224,1.0,0.9006577884428307,0.7987085389709622,0.2226575415156926,0.08051741199695021,0.06170202686924003
S,electricity_price,0.0,0.0,0.0,0.0,0.0,0.0,0.0,0.0,0.0,0.0,0.0,0.0,0.0,0.0,0.0
S,loadfactor,0.0,0.0,0.0,0.0,0.0,0.0,0.0,0.0,0.0,0.0,0.0,0.0,0.0,0.0,0.0
S,investment,0.28586044698833335,0.3246851784148165,0.6505084440103591,0.6977899238067693,0.7214653043392953,0.7414591178391626,0.8072196106005955,0.8680157472784217,0.8848586891466923,0.015168614184813115,0.13343898265570628,0.20996854954737912,0.7246533883106075,0.881744463349071,0.9131966195098039
ST,wacc,0.6543244866619368,0.7462491125213588,0.43483349385598363,0.3305710184271618,0.28584015825444153,0.2501831527107061,0.18178023158048692,0.16715024957363034,0.15976100714594296,0.9831199294412984,0.8885627781314803,0.7939957852274228,0.30763901395371457,0.10997508658654971,0.09280530248331406
ST,electricity_price,0.0,0.0,0.0,0.0,0.0,0.0,0.0,0.0,0.0,0.0,0.0,0.0,0.0,0.0,0.0
ST,loadfactor,0.0,0.0,0.0,0.0,0.0,0.0,0.0,0.0,0.0,0.0,0.0,0.0,0.0,0.0,0.0
ST,investment,0.3628004826252741,0.2803607946600169,0.6106295296455596,0.7076533361583246,0.7593988594365652,0.7880331262371089,0.870531130872036,0.8631922882224471,0.8799062401591302,0.02102569576022997,0.09999221272884155,0.2193118604687848,0.7394783764266367,0.9148119513213236,0.954221382412043
