si,var,BWRX-300,UK SMR,SMR-160,SMART,NuScale,RITM 200M,ACPR 50S,KLT-40S,CAREM,EM2,HTR-PM,PBMR-400,ARC-100,CEFR,4S
S,wacc,0.0,0.03225395280485346,0.01292682933244218,0.014262728471453844,0.0,0.0,0.0,0.0,0.0,0.8782674809998161,0.44498353505314486,0.3721397712784576,0.0,0.0,0.0
S,electricity_price,0.015863916317851636,0.010546703028381529,0.0,0.0,0.0,0.0,0.0,0.0,0.0,0.0562534310067645,0.06108783829756078,0.020211160824721144,0.0,0.0,0.0
S,loadfactor,0.0,0.0,0.0,0.0,0.0,0.0,0.0,0.0,0.0,0.0,0.0,0.0,0.0,0.0,0.0
S,investment,0.8881402989418364,1.0,1.0,1.0,1.0,0.987172647615418,0.9884027694869276,1.0,1.0,0.07141656173001336,0.5021521761656819,0.6172432500995152,1.0,0.9811798315947938,1.0
ST,wacc,0.012717982704077396,0.04880768117086417,0.01860323204026906,0.010863295500262613,0.0,0.0,0.0,0.0,0.0,0.8740857326483819,0.4680380895295474,0.3677675855872201,0.0,0.0,0.0
ST,electricity_price,0.0,0.014005922354031955,0.0,0.0,0.0,0.0,0.0,0.0,0.0,0.05522141339771914,0.06510683934054723,0.028660809317163687,0.0,0.0,0.0
ST,loadfactor,0.0,0.0,0.0,0.0,0.0,0.0,0.0,0.0,0.0,0.0,0.0,0.0,0.0,0.0,0.0
ST,investment,0.9796731131361933,0.93108554425784,0.9827190444302016,0.9852713654662066,1.0,0.9898405261430497,1.0,0.9960601249109902,0.9939976269376806,0.07022220401498132,0.4378400917051385,0.6198136068854753,0.9904824840225805,1.0,1.0
